customerID,gender,SeniorCitizen,tenure,PhoneService,InternetService,MonthlyCharges,TotalCharges,Churn
CUST00001,Male,0,3,No,Fiber optic,66.76,176.36,Yes
CUST00002,Female,0,9,Yes,No,76.22,696.11,No
CUST00003,Male,0,27,Yes,Fiber optic,95.37,2326.47,Yes
CUST00004,Male,0,5,No,Fiber optic,77.36,411.27,Yes
CUST00005,Male,0,14,Yes,Fiber optic,72.93,984.88,Yes
CUST00006,Male,0,6,No,Fiber optic,93.31,536.64,No
CUST00007,Female,0,47,Yes,Fiber optic,99.15,,No
CUST00008,Female,0,51,No,DSL,34.75,1777.03,No
CUST00009,Female,0,14,Yes,No,87.09,1155.02,No
CUST00010,Female,0,28,Yes,Fiber optic,25.43,491.33,No
CUST00011,Female,0,0,No,DSL,102.52,,Yes
CUST00012,Female,1,23,Yes,Fiber optic,71.58,1549.93,Yes
CUST00013,Female,0,68,No,No,51.9,,No
CUST00014,Female,1,11,No,DSL,81.1,988.98,No
CUST00015,Female,0,7,Yes,Fiber optic,71.7,447.59,No
CUST00016,Male,1,0,Yes,Fiber optic,78.36,,No
CUST00017,Male,1,66,No,Fiber optic,52.95,3620.01,No
CUST00018,Female,0,42,Yes,Fiber optic,69.41,2677.7,No
CUST00019,Female,0,9,Yes,DSL,88.23,794.75,Yes
CUST00020,Male,1,5,No,DSL,67.37,358.17,No
CUST00021,Female,0,3,Yes,DSL,72.03,196.32,No
CUST00022,Female,0,9,Yes,DSL,93.35,805.27,Yes
CUST00023,Female,0,26,Yes,No,79.77,1828.56,No
CUST00024,Male,1,31,Yes,Fiber optic,43.78,1459.8,No
CUST00025,Female,0,44,No,Fiber optic,80.45,3969.94,Yes
CUST00026,Female,0,8,Yes,Fiber optic,78.3,670.39,Yes
CUST00027,Male,1,54,No,Fiber optic,44.69,2293.79,No
CUST00028,Female,0,8,Yes,Fiber optic,91.24,710.36,Yes
CUST00029,Female,0,22,Yes,Fiber optic,53.0,1117.94,No
CUST00030,Male,0,48,Yes,DSL,42.67,2140.65,No
CUST00031,Male,0,36,No,No,63.88,2405.26,No
CUST00032,Female,1,57,Yes,Fiber optic,30.73,2237.52,No
CUST00033,Female,1,16,Yes,DSL,81.45,1186.29,Yes
CUST00034,Male,0,21,No,Fiber optic,85.21,1892.19,Yes
CUST00035,Female,0,19,No,No,96.62,1944.72,No
CUST00036,Female,1,43,No,Fiber optic,70.89,3155.51,Yes
CUST00037,Female,0,22,Yes,Fiber optic,82.55,,Yes
CUST00038,Female,1,38,No,No,93.0,3830.94,No
CUST00039,Male,1,39,No,Fiber optic,34.14,1339.48,No
CUST00040,Male,0,16,Yes,No,81.77,1167.18,No
CUST00041,Female,0,5,No,Fiber optic,85.72,427.33,Yes
CUST00042,Female,0,10,Yes,Fiber optic,60.94,,No
CUST00043,Female,0,11,No,Fiber optic,75.11,813.48,Yes
CUST00044,Female,0,10,Yes,Fiber optic,88.0,842.51,Yes
CUST00045,Female,1,62,Yes,DSL,36.09,2366.19,Yes
CUST00046,Male,0,1,Yes,Fiber optic,66.14,70.23,No
CUST00047,Female,0,20,No,Fiber optic,79.13,1535.81,No
CUST00048,Male,0,8,Yes,No,72.87,546.89,Yes
CUST00049,Female,0,17,No,Fiber optic,58.68,1133.07,No
CUST00050,Female,1,51,No,Fiber optic,76.9,3899.74,No
CUST00051,Male,1,20,No,No,22.75,443.93,Yes
CUST00052,Male,0,12,Yes,Fiber optic,29.64,437.85,No
CUST00053,Male,1,33,No,Fiber optic,63.15,2189.2,No
CUST00054,Male,0,64,No,Fiber optic,57.51,3070.69,No
CUST00055,Male,1,30,No,DSL,77.89,2202.9,No
CUST00056,Female,0,2,Yes,Fiber optic,84.16,154.49,Yes
CUST00057,Male,0,3,No,Fiber optic,71.68,208.66,No
CUST00058,Female,1,5,No,Fiber optic,90.06,455.55,No
CUST00059,Male,0,59,Yes,DSL,91.59,5362.8,No
CUST00060,Female,0,14,No,Fiber optic,80.39,1004.04,Yes
CUST00061,Male,0,7,No,Fiber optic,93.28,661.51,Yes
CUST00062,Male,0,34,Yes,Fiber optic,49.98,1544.8,No
CUST00063,Male,0,6,Yes,Fiber optic,97.43,552.81,No
CUST00064,Male,0,2,Yes,DSL,85.0,170.61,Yes
CUST00065,Male,0,44,No,Fiber optic,49.28,2192.65,No
CUST00066,Female,1,66,No,DSL,42.83,2892.51,No
CUST00067,Male,0,9,No,DSL,71.53,627.77,No
CUST00068,Female,0,6,No,DSL,73.16,417.13,Yes
CUST00069,Male,0,21,No,No,93.29,1899.0,No
CUST00070,Male,0,16,Yes,Fiber optic,58.2,1008.81,No
CUST00071,Female,0,52,No,Fiber optic,34.69,1471.34,No
CUST00072,Female,0,56,No,No,36.31,1903.02,No
CUST00073,Male,0,71,No,Fiber optic,68.29,4621.67,No
CUST00074,Male,0,27,Yes,DSL,95.11,2493.96,No
CUST00075,Female,0,10,No,DSL,90.41,897.83,Yes
CUST00076,Male,0,7,Yes,Fiber optic,77.53,559.2,No
CUST00077,Male,0,5,No,Fiber optic,81.1,454.37,No
CUST00078,Male,0,11,No,No,73.54,728.92,No
CUST00079,Female,0,41,No,DSL,93.49,3540.99,No
CUST00080,Male,0,5,No,Fiber optic,68.96,329.86,No
CUST00081,Male,0,1,Yes,Fiber optic,106.14,107.37,Yes
CUST00082,Female,0,22,Yes,DSL,42.36,1065.22,No
CUST00083,Male,1,62,No,DSL,93.07,5437.23,Yes
CUST00084,Male,0,10,Yes,DSL,71.41,686.19,Yes
CUST00085,Male,0,3,Yes,No,93.37,300.29,Yes
CUST00086,Male,1,11,Yes,Fiber optic,87.65,860.43,No
CUST00087,Female,1,59,No,Fiber optic,58.05,3994.29,Yes
CUST00088,Male,0,43,Yes,No,66.12,3264.52,No
CUST00089,Female,0,10,Yes,No,101.06,979.45,Yes
CUST00090,Female,0,38,No,No,29.34,1201.54,No
CUST00091,Female,0,19,Yes,Fiber optic,44.3,969.54,Yes
CUST00092,Female,0,59,Yes,Fiber optic,29.09,1883.15,Yes
CUST00093,Female,0,32,No,DSL,44.23,1469.51,No
CUST00094,Female,0,10,No,Fiber optic,68.31,629.57,No
CUST00095,Male,0,32,No,Fiber optic,43.78,1557.42,Yes
CUST00096,Female,1,72,Yes,No,32.36,1615.65,No
CUST00097,Male,0,67,Yes,No,50.35,3060.04,No
CUST00098,Female,0,40,No,Fiber optic,54.06,2127.87,Yes
CUST00099,Male,0,27,No,DSL,77.52,2358.52,No
CUST00100,Female,0,0,No,No,64.74,,No
CUST00101,Female,0,27,Yes,No,55.84,1660.42,No
CUST00102,Female,0,3,Yes,Fiber optic,100.3,328.41,No
CUST00103,Male,0,19,Yes,Fiber optic,90.41,1782.26,Yes
CUST00104,Male,0,17,Yes,DSL,28.72,430.58,No
CUST00105,Female,0,21,No,No,90.19,1814.32,No
CUST00106,Female,1,10,Yes,Fiber optic,96.48,1039.77,Yes
CUST00107,Female,0,72,Yes,Fiber optic,94.7,6173.63,No
CUST00108,Female,0,7,No,DSL,107.33,719.96,No
CUST00109,Male,0,0,Yes,DSL,108.42,,No
CUST00110,Female,0,69,No,No,43.67,,No
CUST00111,Female,0,2,No,Fiber optic,67.3,117.78,No
CUST00112,Female,0,32,No,No,40.55,1532.77,No
CUST00113,Female,0,54,No,Fiber optic,97.75,4764.67,No
CUST00114,Male,0,2,Yes,Fiber optic,90.85,170.45,No
CUST00115,Male,1,71,Yes,No,24.79,1223.31,Yes
CUST00116,Female,0,40,No,DSL,56.81,,No
CUST00117,Female,0,31,No,DSL,96.2,3007.15,No
CUST00118,Female,0,28,Yes,DSL,89.96,2482.94,No
CUST00119,Male,0,1,No,Fiber optic,102.36,99.8,Yes
CUST00120,Female,0,21,No,DSL,48.09,914.35,No
CUST00121,Male,0,16,No,Fiber optic,23.33,522.4,No
CUST00122,Male,0,12,Yes,Fiber optic,89.37,1156.89,No
CUST00123,Male,1,11,Yes,DSL,72.64,882.87,No
CUST00124,Male,0,38,Yes,Fiber optic,91.75,3578.1,No
CUST00125,Male,1,39,Yes,DSL,44.94,1878.33,No
CUST00126,Male,0,10,No,Fiber optic,101.64,1004.86,No
CUST00127,Female,1,61,Yes,Fiber optic,85.34,5791.24,Yes
CUST00128,Male,0,69,Yes,No,41.9,2648.64,No
CUST00129,Male,0,7,Yes,DSL,76.3,522.59,No
CUST00130,Female,0,16,Yes,No,36.22,453.88,No
CUST00131,Female,1,29,Yes,No,66.56,1862.84,No
CUST00132,Male,0,53,No,Fiber optic,46.75,2261.06,Yes
CUST00133,Male,1,5,Yes,Fiber optic,66.82,301.43,No
CUST00134,Male,0,12,Yes,DSL,29.65,422.35,No
CUST00135,Male,1,11,Yes,DSL,78.84,960.54,Yes
CUST00136,Female,1,8,No,No,78.88,,No
CUST00137,Male,0,6,Yes,DSL,71.27,423.26,Yes
CUST00138,Female,0,11,No,DSL,92.12,1099.91,Yes
CUST00139,Male,0,11,Yes,Fiber optic,96.42,,Yes
CUST00140,Male,0,46,Yes,DSL,39.85,2251.83,No
CUST00141,Female,0,51,Yes,No,38.6,2062.32,No
CUST00142,Female,1,21,Yes,Fiber optic,48.08,1106.81,Yes
CUST00143,Female,1,8,Yes,DSL,69.48,633.73,No
CUST00144,Male,0,39,No,No,89.13,3577.37,No
CUST00145,Male,0,61,No,No,65.68,3585.29,No
CUST00146,Female,0,53,No,DSL,65.63,3904.98,No
CUST00147,Female,0,19,No,Fiber optic,30.68,437.33,No
CUST00148,Male,0,32,Yes,No,31.25,1198.41,No
CUST00149,Female,1,27,No,DSL,53.82,1217.6,No
CUST00150,Male,1,55,Yes,Fiber optic,49.99,3224.03,Yes
CUST00151,Female,0,38,Yes,DSL,54.44,1890.08,No
CUST00152,Female,0,52,No,Fiber optic,30.32,2092.56,Yes
CUST00153,Male,1,36,Yes,No,24.23,563.79,No
CUST00154,Male,0,51,Yes,DSL,24.47,1457.99,No
CUST00155,Female,0,15,Yes,No,92.28,1316.7,No
CUST00156,Female,1,36,Yes,DSL,97.56,3208.54,No
CUST00157,Female,0,47,No,Fiber optic,31.88,1029.74,No
CUST00158,Female,0,3,No,Fiber optic,94.38,303.31,Yes
CUST00159,Female,1,5,No,Fiber optic,107.82,507.63,Yes
CUST00160,Male,1,31,No,No,88.3,2460.32,Yes
CUST00161,Male,0,2,No,Fiber optic,63.57,125.12,Yes
CUST00162,Male,0,46,No,Fiber optic,25.14,1430.85,Yes
CUST00163,Male,0,18,No,Fiber optic,29.91,534.86,No
CUST00164,Female,1,63,No,Fiber optic,26.56,1358.07,Yes
CUST00165,Female,0,46,Yes,No,38.48,1644.79,No
CUST00166,Male,0,16,No,DSL,51.59,681.29,No
CUST00167,Female,0,31,Yes,Fiber optic,29.41,1047.68,No
CUST00168,Female,0,57,Yes,Fiber optic,58.65,3601.97,Yes
CUST00169,Female,0,23,Yes,DSL,92.7,1960.99,No
CUST00170,Female,0,20,Yes,DSL,25.21,635.78,No
CUST00171,Male,0,5,No,Fiber optic,100.89,527.48,No
CUST00172,Male,0,5,No,DSL,96.62,496.27,No
CUST00173,Male,0,48,Yes,No,50.11,2782.51,No
CUST00174,Male,0,51,Yes,Fiber optic,65.95,3853.26,No
CUST00175,Male,0,58,No,DSL,67.21,4386.65,No
CUST00176,Female,0,20,Yes,DSL,83.41,1675.94,No
CUST00177,Male,0,65,Yes,No,25.91,2326.08,No
CUST00178,Female,0,48,No,DSL,77.59,3869.88,No
CUST00179,Female,0,47,Yes,Fiber optic,62.99,2616.49,Yes
CUST00180,Female,0,37,Yes,No,97.35,3422.93,No
CUST00181,Male,0,6,No,Fiber optic,99.19,,Yes
CUST00182,Female,1,52,Yes,Fiber optic,44.28,2222.12,Yes
CUST00183,Male,0,64,Yes,No,28.93,1601.37,No
CUST00184,Female,0,6,No,DSL,65.49,399.32,No
CUST00185,Female,1,19,Yes,Fiber optic,21.21,485.9,Yes
CUST00186,Female,0,16,Yes,DSL,21.47,480.59,No
CUST00187,Female,0,4,Yes,No,100.92,,Yes
CUST00188,Male,0,20,No,Fiber optic,36.68,742.74,Yes
CUST00189,Female,1,5,No,Fiber optic,72.55,358.58,Yes
CUST00190,Male,0,2,No,Fiber optic,74.59,164.75,Yes
CUST00191,Female,0,3,No,DSL,89.25,278.81,Yes
CUST00192,Female,0,2,No,DSL,70.94,,No
CUST00193,Female,0,38,Yes,Fiber optic,44.4,1310.77,No
CUST00194,Male,0,24,No,DSL,54.37,1200.11,No
CUST00195,Male,0,27,Yes,No,42.18,1049.09,No
CUST00196,Female,0,31,No,Fiber optic,51.47,1661.72,No
CUST00197,Female,0,64,No,Fiber optic,84.93,4810.22,No
CUST00198,Male,0,5,No,No,63.69,284.04,No
CUST00199,Female,0,53,No,Fiber optic,50.86,3060.48,No
CUST00200,Male,1,64,No,No,60.4,4461.9,No
CUST00201,Female,1,0,No,Fiber optic,69.29,,Yes
CUST00202,Female,1,10,Yes,Fiber optic,97.82,892.23,No
CUST00203,Male,0,29,Yes,No,78.12,2268.67,No
CUST00204,Male,0,3,Yes,DSL,83.21,228.31,No
CUST00205,Female,1,5,Yes,No,89.85,457.47,No
CUST00206,Female,1,43,Yes,DSL,34.35,1454.01,Yes
CUST00207,Male,1,33,No,DSL,70.73,2395.05,No
CUST00208,Female,0,15,No,DSL,66.99,1133.12,No
CUST00209,Female,1,7,No,DSL,94.22,700.65,No
CUST00210,Male,0,0,Yes,Fiber optic,62.64,,Yes
CUST00211,Male,0,8,No,No,104.36,763.37,No
CUST00212,Male,0,27,No,DSL,81.34,2246.95,No
CUST00213,Female,0,29,Yes,DSL,65.8,2155.25,No
CUST00214,Female,1,72,Yes,Fiber optic,37.65,2080.06,Yes
CUST00215,Male,0,13,No,DSL,37.96,596.8,No
CUST00216,Male,1,14,No,No,30.06,402.82,No
CUST00217,Male,0,29,No,Fiber optic,39.53,1063.88,No
CUST00218,Male,0,55,No,Fiber optic,64.88,3105.4,Yes
CUST00219,Female,0,3,Yes,No,66.76,200.95,No
CUST00220,Male,0,59,No,DSL,42.72,2461.54,No
CUST00221,Male,0,27,Yes,Fiber optic,74.82,2123.28,No
CUST00222,Male,0,70,Yes,No,74.81,,No
CUST00223,Female,0,9,No,DSL,81.1,750.28,Yes
CUST00224,Female,0,26,No,No,70.06,2035.13,No
CUST00225,Female,0,48,No,DSL,93.4,4534.55,No
CUST00226,Female,1,20,No,Fiber optic,63.93,1274.01,No
CUST00227,Male,1,31,No,DSL,91.9,2630.02,No
CUST00228,Male,0,4,Yes,DSL,86.96,378.35,Yes
CUST00229,Male,0,8,Yes,DSL,78.76,675.76,No
CUST00230,Male,0,3,No,DSL,95.76,298.01,No
CUST00231,Female,0,41,No,Fiber optic,69.87,,No
CUST00232,Female,0,6,Yes,DSL,69.5,448.46,No
CUST00233,Male,0,39,Yes,No,89.4,3269.38,No
CUST00234,Female,0,39,Yes,Fiber optic,38.74,1428.76,No
CUST00235,Female,1,8,Yes,No,101.62,801.7,Yes
CUST00236,Male,1,11,No,Fiber optic,108.85,1140.98,No
CUST00237,Female,1,64,No,Fiber optic,88.94,5945.83,Yes
CUST00238,Female,0,54,Yes,Fiber optic,58.69,3689.71,No
CUST00239,Male,1,26,No,DSL,91.78,2430.21,No
CUST00240,Female,0,5,Yes,Fiber optic,105.42,489.64,Yes
CUST00241,Male,0,9,No,Fiber optic,74.49,723.37,Yes
CUST00242,Male,0,38,No,No,68.0,2841.69,No
CUST00243,Male,0,45,Yes,DSL,88.13,4209.36,No
CUST00244,Female,1,2,Yes,No,74.76,145.71,No
CUST00245,Male,0,46,No,DSL,70.91,2817.87,No
CUST00246,Male,0,44,Yes,Fiber optic,20.27,743.77,Yes
CUST00247,Female,0,47,No,No,98.53,4204.64,No
CUST00248,Male,0,36,No,Fiber optic,32.58,1212.99,Yes
CUST00249,Female,0,3,No,Fiber optic,99.27,308.56,Yes
CUST00250,Male,1,41,Yes,DSL,38.16,1577.03,No
CUST00251,Male,0,37,No,No,72.84,2897.68,No
CUST00252,Male,0,59,Yes,Fiber optic,92.43,5554.69,No
CUST00253,Male,0,4,Yes,Fiber optic,97.12,368.98,Yes
CUST00254,Male,0,38,Yes,No,34.32,989.83,No
CUST00255,Male,1,7,No,Fiber optic,83.08,515.84,Yes
CUST00256,Male,0,59,No,Fiber optic,77.66,4133.87,No
CUST00257,Male,0,25,No,DSL,95.07,2229.31,No
CUST00258,Female,0,1,Yes,No,91.5,,No
CUST00259,Male,0,10,No,No,88.61,826.64,No
CUST00260,Female,0,3,No,DSL,68.51,221.53,No
CUST00261,Female,0,9,Yes,No,100.57,933.92,Yes
CUST00262,Male,0,2,Yes,DSL,90.78,197.4,Yes
CUST00263,Male,1,37,Yes,Fiber optic,86.72,3277.79,Yes
CUST00264,Male,1,45,Yes,Fiber optic,86.9,4310.85,Yes
CUST00265,Female,1,58,No,No,67.99,3704.89,Yes
CUST00266,Male,0,15,No,Fiber optic,22.54,323.34,No
CUST00267,Male,1,59,No,Fiber optic,34.8,1941.22,No
CUST00268,Male,1,62,Yes,Fiber optic,27.01,1584.21,No
CUST00269,Male,1,6,No,Fiber optic,73.62,452.95,No
CUST00270,Female,0,8,Yes,Fiber optic,62.26,574.71,No
CUST00271,Male,1,48,Yes,Fiber optic,28.8,1468.41,No
CUST00272,Male,0,17,Yes,DSL,39.89,530.89,No
CUST00273,Male,1,57,Yes,Fiber optic,98.67,5077.37,Yes
CUST00274,Female,0,15,Yes,Fiber optic,85.14,1342.71,No
CUST00275,Female,0,5,Yes,Fiber optic,80.38,410.27,Yes
CUST00276,Female,0,57,Yes,Fiber optic,62.35,3146.24,Yes
CUST00277,Female,0,2,Yes,DSL,87.19,168.91,Yes
CUST00278,Male,0,50,No,Fiber optic,42.2,1960.67,Yes
CUST00279,Female,1,2,No,DSL,75.42,143.55,No
CUST00280,Male,0,38,No,DSL,25.37,1122.06,No
CUST00281,Male,0,13,No,DSL,52.24,734.6,No
CUST00282,Male,0,2,Yes,DSL,74.9,153.95,No
CUST00283,Male,0,34,No,DSL,28.02,658.55,No
CUST00284,Male,1,60,Yes,DSL,48.29,2569.42,No
CUST00285,Male,0,49,No,Fiber optic,75.85,3794.92,No
CUST00286,Male,1,30,Yes,DSL,55.69,1910.84,No
CUST00287,Male,0,12,Yes,Fiber optic,58.63,804.25,No
CUST00288,Female,0,56,Yes,No,20.29,1539.36,No
CUST00289,Female,1,4,Yes,Fiber optic,95.97,356.33,No
CUST00290,Male,0,66,No,DSL,80.19,5602.51,No
CUST00291,Male,1,11,Yes,Fiber optic,65.43,690.55,Yes
CUST00292,Female,0,38,No,Fiber optic,64.86,2268.61,Yes
CUST00293,Female,1,0,Yes,Fiber optic,101.31,,Yes
CUST00294,Female,0,72,No,DSL,93.63,7239.04,No
CUST00295,Male,1,26,Yes,DSL,66.19,1548.62,No
CUST00296,Female,1,54,No,DSL,83.35,4362.71,Yes
CUST00297,Female,1,1,Yes,Fiber optic,66.54,73.01,No
CUST00298,Male,1,3,No,Fiber optic,98.75,266.54,Yes
CUST00299,Male,0,57,Yes,Fiber optic,20.86,1478.83,No
CUST00300,Male,0,4,Yes,Fiber optic,107.83,446.4,Yes
CUST00301,Female,0,7,No,No,93.9,604.87,Yes
CUST00302,Male,0,24,No,Fiber optic,30.22,807.93,No
CUST00303,Male,0,2,Yes,Fiber optic,92.7,176.46,No
CUST00304,Female,0,8,Yes,Fiber optic,62.22,499.26,Yes
CUST00305,Female,0,26,Yes,Fiber optic,33.28,673.72,No
CUST00306,Male,0,28,Yes,Fiber optic,80.82,2260.6,Yes
CUST00307,Female,0,19,No,Fiber optic,67.03,,No
CUST00308,Female,0,8,No,Fiber optic,107.8,922.35,Yes
CUST00309,Female,0,53,Yes,Fiber optic,76.62,3705.95,No
CUST00310,Female,0,32,Yes,Fiber optic,39.84,1209.73,Yes
CUST00311,Male,0,11,Yes,No,61.91,668.02,No
CUST00312,Male,0,45,No,Fiber optic,79.85,4036.58,Yes
CUST00313,Female,0,0,Yes,Fiber optic,79.53,,Yes
CUST00314,Female,0,0,No,DSL,83.14,,No
CUST00315,Male,0,3,No,Fiber optic,80.81,221.07,Yes
CUST00316,Male,0,4,No,Fiber optic,77.84,301.29,Yes
CUST00317,Male,1,12,Yes,No,37.65,444.93,Yes
CUST00318,Female,1,12,Yes,DSL,55.63,761.31,Yes
CUST00319,Male,0,12,No,Fiber optic,45.64,535.78,Yes
CUST00320,Male,0,47,No,Fiber optic,73.45,3610.38,No
CUST00321,Female,0,28,Yes,DSL,54.67,1442.17,No
CUST00322,Female,0,70,No,DSL,73.77,,No
CUST00323,Female,1,22,Yes,DSL,87.47,1923.81,Yes
CUST00324,Male,1,41,Yes,Fiber optic,87.43,3640.12,Yes
CUST00325,Male,1,6,Yes,DSL,62.07,406.88,No
CUST00326,Male,1,9,Yes,Fiber optic,88.98,814.33,No
CUST00327,Male,0,37,No,Fiber optic,36.49,1044.4,No
CUST00328,Male,0,2,Yes,Fiber optic,70.81,124.7,Yes
CUST00329,Male,0,18,Yes,No,35.25,563.15,No
CUST00330,Female,0,13,No,Fiber optic,57.48,865.27,No
CUST00331,Female,0,20,Yes,DSL,44.44,754.64,No
CUST00332,Male,1,57,Yes,Fiber optic,40.39,1736.98,No
CUST00333,Male,0,10,No,DSL,89.51,805.11,No
CUST00334,Female,0,43,Yes,No,22.14,1007.39,No
CUST00335,Female,0,7,Yes,DSL,78.97,590.73,Yes
CUST00336,Male,0,13,No,DSL,56.81,672.96,No
CUST00337,Female,1,19,Yes,DSL,27.7,597.02,No
CUST00338,Male,1,23,No,Fiber optic,82.67,2094.34,Yes
CUST00339,Female,1,15,No,DSL,26.63,288.34,No
CUST00340,Male,1,68,No,Fiber optic,55.54,3151.13,Yes
CUST00341,Male,0,9,Yes,DSL,88.6,790.45,No
CUST00342,Female,0,67,Yes,No,50.43,4000.08,No
CUST00343,Female,0,6,Yes,No,97.87,532.08,No
CUST00344,Male,0,20,Yes,No,68.39,1344.75,No
CUST00345,Male,0,12,No,DSL,43.22,536.15,No
CUST00346,Male,0,59,No,No,59.34,3092.62,No
CUST00347,Female,1,11,No,DSL,95.54,1148.31,Yes
CUST00348,Female,0,13,No,No,97.13,1334.64,No
CUST00349,Female,0,31,No,DSL,53.67,1834.85,No
CUST00350,Female,0,67,Yes,Fiber optic,51.27,3743.54,Yes
CUST00351,Female,0,3,No,No,74.84,204.0,No
CUST00352,Male,0,1,No,Fiber optic,88.84,88.71,Yes
CUST00353,Male,0,71,No,DSL,71.75,4971.93,No
CUST00354,Female,0,1,No,Fiber optic,95.04,88.77,No
CUST00355,Female,0,8,No,DSL,105.95,811.62,No
CUST00356,Male,0,9,Yes,DSL,95.27,807.93,No
CUST00357,Male,0,1,No,DSL,101.49,101.15,Yes
CUST00358,Male,0,71,No,No,44.13,3427.19,No
CUST00359,Male,0,38,No,DSL,66.37,2171.22,No
CUST00360,Male,0,52,No,Fiber optic,34.07,2267.45,No
CUST00361,Male,0,44,Yes,Fiber optic,50.96,2290.11,Yes
CUST00362,Male,0,19,Yes,DSL,66.05,,No
CUST00363,Female,0,49,Yes,Fiber optic,27.81,1564.57,No
CUST00364,Male,0,11,No,DSL,73.43,791.22,Yes
CUST00365,Female,1,13,No,No,94.31,1107.98,No
CUST00366,Female,0,0,Yes,DSL,76.33,,No
CUST00367,Male,0,3,Yes,Fiber optic,82.17,273.6,Yes
CUST00368,Male,1,26,No,DSL,27.39,696.25,Yes
CUST00369,Male,1,44,Yes,Fiber optic,34.3,1759.75,Yes
CUST00370,Female,0,47,No,Fiber optic,84.2,4269.51,Yes
CUST00371,Female,0,5,No,Fiber optic,97.13,480.99,Yes
CUST00372,Female,0,40,Yes,Fiber optic,24.03,743.45,No
CUST00373,Male,0,14,No,DSL,93.45,,No
CUST00374,Female,0,58,Yes,DSL,49.69,2977.38,No
CUST00375,Female,0,72,No,Fiber optic,44.85,2785.36,No
CUST00376,Male,0,11,Yes,Fiber optic,86.43,974.07,No
CUST00377,Male,0,11,Yes,No,91.1,1001.32,Yes
CUST00378,Female,0,4,No,No,92.89,409.3,Yes
CUST00379,Female,0,47,No,DSL,21.46,1213.8,No
CUST00380,Male,1,69,Yes,DSL,87.09,5531.54,Yes
CUST00381,Female,0,57,Yes,DSL,89.82,4833.24,No
CUST00382,Female,0,3,No,DSL,75.63,250.55,No
CUST00383,Male,0,9,Yes,DSL,91.51,832.23,No
CUST00384,Male,0,45,Yes,Fiber optic,55.02,2591.11,No
CUST00385,Female,0,35,No,DSL,57.43,1695.93,No
CUST00386,Male,0,17,Yes,DSL,91.21,1400.78,No
CUST00387,Female,1,4,No,Fiber optic,61.37,208.78,No
CUST00388,Male,0,9,No,Fiber optic,70.98,,Yes
CUST00389,Male,1,5,No,DSL,107.31,578.71,Yes
CUST00390,Male,0,10,No,No,63.85,694.16,No
CUST00391,Male,0,2,Yes,DSL,96.35,207.29,Yes
CUST00392,Male,0,3,No,No,101.23,317.12,Yes
CUST00393,Male,0,62,Yes,Fiber optic,37.09,1683.01,No
CUST00394,Female,0,0,No,No,61.92,,No
CUST00395,Female,0,9,No,Fiber optic,61.11,621.61,No
CUST00396,Male,1,45,Yes,Fiber optic,90.81,3912.83,Yes
CUST00397,Female,0,65,No,DSL,38.95,2485.29,No
CUST00398,Female,1,36,No,DSL,81.46,2864.31,No
CUST00399,Female,0,42,No,Fiber optic,57.8,2609.62,Yes
CUST00400,Female,0,4,Yes,No,60.72,239.9,No
CUST00401,Male,0,45,No,Fiber optic,23.37,1419.23,No
CUST00402,Male,0,24,Yes,DSL,23.64,646.1,No
CUST00403,Male,0,33,Yes,Fiber optic,22.81,568.45,Yes
CUST00404,Female,0,20,Yes,Fiber optic,30.18,,No
CUST00405,Female,0,4,No,DSL,97.26,421.88,No
CUST00406,Male,0,4,No,DSL,80.39,290.34,No
CUST00407,Male,1,19,No,Fiber optic,20.66,340.17,Yes
CUST00408,Female,0,28,Yes,DSL,28.99,857.14,No
CUST00409,Male,0,70,No,DSL,89.59,6592.16,No
CUST00410,Male,0,3,Yes,No,93.45,250.64,Yes
CUST00411,Female,0,23,Yes,DSL,35.58,879.11,No
CUST00412,Female,0,6,Yes,DSL,103.8,594.87,No
CUST00413,Male,0,44,No,Fiber optic,38.25,1620.76,No
CUST00414,Male,1,55,Yes,Fiber optic,62.82,3072.96,No
CUST00415,Male,0,13,No,DSL,25.5,347.62,No
CUST00416,Male,1,53,Yes,Fiber optic,35.42,1498.73,Yes
CUST00417,Female,0,11,Yes,No,60.06,729.47,No
CUST00418,Male,0,66,Yes,Fiber optic,25.82,1159.62,No
CUST00419,Female,0,45,No,Fiber optic,91.51,4527.79,No
CUST00420,Female,0,31,Yes,Fiber optic,51.05,1368.89,No
CUST00421,Female,0,36,No,DSL,65.18,2285.45,No
CUST00422,Male,0,31,Yes,DSL,80.73,2361.54,No
CUST00423,Female,0,4,No,Fiber optic,75.1,334.18,Yes
CUST00424,Male,0,59,No,Fiber optic,46.97,2435.22,Yes
CUST00425,Male,1,42,No,DSL,57.15,2785.03,No
CUST00426,Male,0,54,Yes,No,23.72,824.0,No
CUST00427,Female,1,6,No,DSL,101.85,615.79,Yes
CUST00428,Male,0,26,No,DSL,83.04,2381.02,No
CUST00429,Male,0,55,No,No,51.1,3230.2,No
CUST00430,Female,0,9,Yes,DSL,105.63,918.9,Yes
CUST00431,Male,0,5,Yes,DSL,82.78,399.23,Yes
CUST00432,Female,1,20,Yes,DSL,47.31,805.79,No
CUST00433,Male,0,56,Yes,Fiber optic,31.0,1855.05,No
CUST00434,Female,0,4,No,Fiber optic,98.74,408.32,No
CUST00435,Female,0,2,Yes,DSL,74.3,145.92,Yes
CUST00436,Male,0,32,Yes,DSL,75.81,2604.94,No
CUST00437,Male,1,15,No,DSL,68.23,1005.32,No
CUST00438,Male,1,9,No,Fiber optic,98.82,973.85,Yes
CUST00439,Female,0,50,No,DSL,25.41,1438.48,No
CUST00440,Female,0,52,No,Fiber optic,91.64,4982.94,No
CUST00441,Female,0,12,Yes,DSL,96.99,1193.42,No
CUST00442,Female,0,36,No,No,80.15,2776.96,No
CUST00443,Male,1,11,Yes,Fiber optic,96.17,979.11,No
CUST00444,Female,0,37,No,DSL,39.57,1358.81,No
CUST00445,Male,0,44,Yes,Fiber optic,91.03,4241.26,Yes
CUST00446,Female,0,11,Yes,Fiber optic,90.05,974.85,No
CUST00447,Male,0,72,No,No,52.01,4102.82,No
CUST00448,Male,0,13,No,Fiber optic,96.57,1235.94,Yes
CUST00449,Male,1,6,No,No,96.68,527.12,Yes
CUST00450,Female,1,9,Yes,DSL,105.25,953.62,No
CUST00451,Female,0,55,No,No,85.45,4946.5,No
CUST00452,Female,1,24,Yes,DSL,91.83,2113.3,No
CUST00453,Male,0,25,No,Fiber optic,33.15,780.62,No
CUST00454,Female,1,0,No,DSL,80.66,,Yes
CUST00455,Female,0,2,Yes,DSL,73.89,144.72,Yes
CUST00456,Male,1,63,No,Fiber optic,68.43,4825.49,No
CUST00457,Male,1,22,No,Fiber optic,56.0,1221.04,Yes
CUST00458,Female,0,70,Yes,DSL,33.16,2400.84,No
CUST00459,Male,0,58,No,Fiber optic,88.56,5644.36,No
CUST00460,Female,0,10,Yes,Fiber optic,68.69,723.78,No
CUST00461,Male,1,50,Yes,DSL,67.64,2948.45,No
CUST00462,Male,0,11,Yes,Fiber optic,94.42,952.62,No
CUST00463,Male,0,12,Yes,Fiber optic,99.12,1170.62,No
CUST00464,Female,0,15,No,Fiber optic,55.68,947.6,No
CUST00465,Male,0,8,No,Fiber optic,91.81,714.61,No
CUST00466,Female,0,0,Yes,Fiber optic,86.21,,Yes
CUST00467,Female,1,60,No,Fiber optic,99.25,5626.11,Yes
CUST00468,Female,1,48,No,Fiber optic,83.04,3570.97,No
CUST00469,Male,0,33,Yes,No,42.66,,No
CUST00470,Male,0,6,Yes,Fiber optic,105.48,680.0,No
CUST00471,Male,1,25,No,Fiber optic,81.55,2043.57,No
CUST00472,Male,0,2,No,DSL,69.22,134.73,No
CUST00473,Female,0,9,No,Fiber optic,78.62,659.16,No
CUST00474,Female,0,18,No,Fiber optic,50.64,1026.9,No
CUST00475,Female,0,0,Yes,Fiber optic,70.57,,Yes
CUST00476,Male,1,62,Yes,DSL,89.6,5932.03,No
CUST00477,Male,0,12,Yes,Fiber optic,66.12,800.65,No
CUST00478,Male,0,12,Yes,DSL,95.77,1237.8,No
CUST00479,Male,0,66,No,DSL,49.19,3411.01,No
CUST00480,Female,0,57,Yes,DSL,25.55,1067.49,No
CUST00481,Male,0,4,No,No,105.17,414.62,Yes
CUST00482,Male,0,2,Yes,Fiber optic,69.86,155.72,No
CUST00483,Female,0,7,Yes,DSL,62.6,424.24,No
CUST00484,Male,1,68,No,No,25.4,2048.96,No
CUST00485,Female,0,11,No,Fiber optic,105.42,,Yes
CUST00486,Female,0,10,No,DSL,90.55,892.81,No
CUST00487,Male,0,40,Yes,Fiber optic,87.89,,No
CUST00488,Male,1,71,No,DSL,43.57,3017.01,No
CUST00489,Female,0,9,Yes,Fiber optic,80.88,796.68,No
CUST00490,Female,0,1,Yes,DSL,100.9,101.77,Yes
CUST00491,Female,0,5,No,Fiber optic,80.66,362.08,Yes
CUST00492,Male,1,31,Yes,DSL,26.47,700.34,Yes
CUST00493,Female,0,3,Yes,Fiber optic,108.32,353.55,Yes
CUST00494,Female,1,6,No,Fiber optic,76.62,492.09,Yes
CUST00495,Male,0,65,No,No,24.56,,No
CUST00496,Male,0,4,Yes,DSL,62.07,236.82,No
CUST00497,Male,0,15,No,Fiber optic,77.46,1126.09,No
CUST00498,Male,0,39,Yes,Fiber optic,67.79,2462.01,Yes
CUST00499,Female,0,37,No,DSL,35.74,1270.78,No
CUST00500,Male,0,50,Yes,Fiber optic,28.74,1720.32,No
CUST00501,Male,0,54,No,DSL,54.58,2692.53,No
CUST00502,Male,0,12,No,DSL,23.32,167.13,No
CUST00503,Male,0,12,Yes,Fiber optic,74.86,,No
CUST00504,Female,0,2,Yes,Fiber optic,105.39,205.73,Yes
CUST00505,Female,0,61,No,DSL,39.95,2424.56,No
CUST00506,Female,0,68,No,DSL,69.91,4595.34,No
CUST00507,Male,0,1,Yes,No,87.77,94.72,Yes
CUST00508,Male,0,5,No,Fiber optic,103.51,,No
CUST00509,Male,0,22,Yes,No,93.34,2171.37,No
CUST00510,Female,0,60,Yes,DSL,70.44,3825.25,No
CUST00511,Male,0,12,Yes,DSL,55.47,732.32,No
CUST00512,Male,0,42,Yes,DSL,87.24,3347.7,No
CUST00513,Male,0,60,Yes,Fiber optic,20.55,1573.45,No
CUST00514,Male,1,4,Yes,No,82.11,323.63,No
CUST00515,Female,1,31,No,DSL,40.13,972.45,No
CUST00516,Female,0,4,Yes,Fiber optic,97.6,370.3,Yes
CUST00517,Female,0,39,No,Fiber optic,50.17,2174.69,No
CUST00518,Female,0,46,No,Fiber optic,39.65,,Yes
CUST00519,Female,0,40,No,DSL,29.76,1471.63,No
CUST00520,Female,0,39,Yes,Fiber optic,48.5,2081.39,Yes
CUST00521,Male,0,10,No,DSL,82.62,881.13,No
CUST00522,Female,0,56,No,No,75.28,4133.92,No
CUST00523,Female,0,63,Yes,Fiber optic,20.09,1367.1,No
CUST00524,Female,0,64,No,DSL,82.49,5378.61,No
CUST00525,Female,0,2,Yes,No,80.99,159.55,No
CUST00526,Female,0,70,No,Fiber optic,64.05,4056.74,No
CUST00527,Female,1,48,No,Fiber optic,26.51,810.25,No
CUST00528,Female,0,52,Yes,Fiber optic,50.37,2684.55,No
CUST00529,Male,0,32,No,Fiber optic,42.19,1310.78,Yes
CUST00530,Female,0,16,Yes,DSL,76.95,1302.56,No
CUST00531,Male,0,7,Yes,Fiber optic,60.9,459.04,No
CUST00532,Male,1,15,No,DSL,53.87,693.69,No
CUST00533,Female,0,1,Yes,No,104.85,103.1,No
CUST00534,Female,1,39,Yes,DSL,66.85,2460.87,No
CUST00535,Female,1,28,No,Fiber optic,75.54,1989.47,Yes
CUST00536,Male,0,49,No,Fiber optic,21.14,1170.47,No
CUST00537,Male,0,68,Yes,Fiber optic,92.11,5974.5,No
CUST00538,Male,0,27,Yes,Fiber optic,61.89,1473.44,No
CUST00539,Female,0,32,No,No,35.14,1387.59,No
CUST00540,Male,1,11,No,DSL,107.62,1182.68,No
CUST00541,Male,0,5,Yes,DSL,69.16,390.64,No
CUST00542,Male,0,19,No,DSL,75.63,1474.48,No
CUST00543,Male,0,41,Yes,DSL,49.4,2174.35,No
CUST00544,Male,0,3,No,Fiber optic,88.29,274.98,No
CUST00545,Male,1,3,No,Fiber optic,96.14,262.82,Yes
CUST00546,Male,1,14,No,Fiber optic,60.76,837.89,No
CUST00547,Male,1,34,Yes,DSL,90.72,2754.52,No
CUST00548,Female,0,19,No,DSL,51.02,1039.68,No
CUST00549,Male,0,30,Yes,DSL,31.21,1092.23,No
CUST00550,Female,0,5,Yes,Fiber optic,96.43,523.29,Yes
CUST00551,Female,0,25,Yes,No,81.32,1886.06,No
CUST00552,Female,0,51,Yes,DSL,88.74,4627.97,No
CUST00553,Male,0,27,No,DSL,85.35,2184.67,No
CUST00554,Male,0,8,No,DSL,76.39,608.43,Yes
CUST00555,Female,0,46,Yes,Fiber optic,80.41,3310.17,Yes
CUST00556,Female,0,44,Yes,DSL,83.07,3441.65,No
CUST00557,Male,0,2,No,DSL,93.5,183.27,Yes
CUST00558,Female,0,29,Yes,DSL,76.48,2056.65,No
CUST00559,Male,0,15,Yes,DSL,92.13,1322.95,No
CUST00560,Female,0,32,Yes,No,88.87,2825.14,No
CUST00561,Male,0,7,No,No,93.57,660.92,No
CUST00562,Male,0,4,No,DSL,69.81,315.06,No
CUST00563,Male,0,50,Yes,DSL,89.23,4460.29,No
CUST00564,Female,0,51,No,DSL,83.28,3852.48,No
CUST00565,Female,0,68,Yes,DSL,45.9,2521.61,No
CUST00566,Male,0,63,Yes,DSL,90.76,5706.76,No
CUST00567,Male,0,58,Yes,Fiber optic,29.2,1723.29,Yes
CUST00568,Female,0,43,Yes,Fiber optic,39.21,1999.28,Yes
CUST00569,Male,0,62,Yes,DSL,41.06,3030.24,No
CUST00570,Male,0,69,Yes,No,83.7,5488.16,No
CUST00571,Male,0,48,No,No,75.99,4069.33,No
CUST00572,Male,0,16,Yes,DSL,62.9,898.03,No
CUST00573,Female,0,57,Yes,DSL,90.85,5484.46,No
CUST00574,Male,1,0,No,DSL,76.4,,Yes
CUST00575,Male,1,21,Yes,DSL,57.3,1185.83,No
CUST00576,Female,0,57,Yes,DSL,27.54,1891.35,No
CUST00577,Male,1,21,Yes,Fiber optic,53.83,,No
CUST00578,Male,0,1,No,DSL,102.46,109.25,Yes
CUST00579,Female,0,12,Yes,DSL,81.19,934.31,No
CUST00580,Female,0,10,Yes,DSL,91.3,869.9,No
CUST00581,Male,0,23,Yes,No,28.11,532.27,No
CUST00582,Male,0,4,No,DSL,73.13,266.18,No
CUST00583,Female,0,3,Yes,Fiber optic,92.09,,Yes
CUST00584,Female,0,36,No,Fiber optic,22.46,605.88,No
CUST00585,Female,0,18,No,Fiber optic,70.36,1188.56,Yes
CUST00586,Female,0,8,No,Fiber optic,78.14,658.33,No
CUST00587,Female,0,52,No,DSL,98.43,,No
CUST00588,Male,0,5,No,No,89.58,449.14,No
CUST00589,Male,0,7,Yes,No,87.92,571.82,Yes
CUST00590,Male,0,10,No,Fiber optic,105.75,1019.17,No
CUST00591,Male,0,71,No,DSL,40.67,2198.02,No
CUST00592,Male,0,34,Yes,DSL,26.79,696.39,No
CUST00593,Male,0,12,No,DSL,65.01,684.8,No
CUST00594,Female,0,69,Yes,Fiber optic,89.4,6099.28,No
CUST00595,Female,0,6,No,DSL,102.69,591.34,Yes
CUST00596,Female,0,10,No,Fiber optic,69.85,645.16,No
CUST00597,Male,0,20,No,DSL,92.74,2030.51,No
CUST00598,Male,0,13,Yes,No,94.08,1094.08,No
CUST00599,Male,0,32,No,DSL,83.93,2842.17,No
CUST00600,Female,0,51,No,DSL,37.54,1869.5,No
CUST00601,Female,0,5,No,No,87.72,424.52,No
CUST00602,Male,1,3,Yes,Fiber optic,78.75,210.55,No
CUST00603,Female,0,53,No,Fiber optic,38.59,1586.56,No
CUST00604,Male,1,2,Yes,DSL,83.79,176.57,Yes
CUST00605,Male,0,35,Yes,DSL,66.63,2361.78,No
CUST00606,Female,0,6,No,Fiber optic,93.34,588.34,Yes
CUST00607,Male,0,64,No,Fiber optic,62.5,3519.5,No
CUST00608,Male,0,19,No,No,45.21,822.21,No
CUST00609,Female,0,12,No,Fiber optic,46.81,563.61,No
CUST00610,Female,0,3,Yes,DSL,89.62,250.43,Yes
CUST00611,Male,0,11,Yes,DSL,106.92,1274.62,Yes
CUST00612,Male,0,31,Yes,Fiber optic,78.71,2423.57,No
CUST00613,Male,0,6,No,DSL,85.89,496.78,Yes
CUST00614,Male,0,51,Yes,No,66.6,3003.95,No
CUST00615,Male,0,36,Yes,No,78.47,3000.57,No
CUST00616,Female,0,53,No,No,30.6,1250.52,No
CUST00617,Female,1,8,Yes,DSL,105.32,781.63,No
CUST00618,Female,0,69,Yes,Fiber optic,52.5,3972.35,Yes
CUST00619,Male,0,5,Yes,DSL,75.14,353.14,Yes
CUST00620,Male,0,19,Yes,Fiber optic,71.96,1237.35,Yes
CUST00621,Female,0,6,Yes,DSL,66.38,353.82,No
CUST00622,Male,0,1,No,DSL,87.75,,Yes
CUST00623,Female,0,24,No,DSL,69.32,1488.55,No
CUST00624,Female,0,54,Yes,No,21.57,651.92,No
CUST00625,Male,1,70,Yes,Fiber optic,59.28,3971.61,No
CUST00626,Male,0,8,Yes,Fiber optic,69.26,630.23,No
CUST00627,Female,0,4,Yes,DSL,61.98,222.31,No
CUST00628,Female,0,0,No,DSL,73.62,,Yes
CUST00629,Female,0,3,No,No,102.77,316.58,No
CUST00630,Male,0,8,Yes,DSL,93.31,670.56,No
CUST00631,Female,0,0,No,No,89.78,,Yes
CUST00632,Male,1,39,No,Fiber optic,77.38,,No
CUST00633,Female,0,64,No,Fiber optic,26.7,1492.16,Yes
CUST00634,Male,0,51,Yes,Fiber optic,24.26,1591.5,No
CUST00635,Female,0,21,Yes,DSL,74.17,1517.54,No
CUST00636,Male,1,50,Yes,DSL,95.27,4772.56,No
CUST00637,Male,1,11,Yes,DSL,67.2,774.7,Yes
CUST00638,Male,0,13,Yes,No,84.67,1151.89,No
CUST00639,Male,0,5,No,No,93.97,508.76,Yes
CUST00640,Female,0,10,No,DSL,92.28,1021.42,No
CUST00641,Male,0,2,Yes,Fiber optic,78.57,163.74,No
CUST00642,Female,0,11,Yes,DSL,86.26,945.47,Yes
CUST00643,Male,0,44,No,Fiber optic,38.59,1644.9,No
CUST00644,Male,1,44,Yes,No,60.74,2683.87,No
CUST00645,Male,0,4,Yes,Fiber optic,104.32,404.89,No
CUST00646,Female,0,11,Yes,DSL,63.77,780.34,No
CUST00647,Male,0,20,No,DSL,61.36,1126.89,No
CUST00648,Female,0,20,Yes,DSL,73.92,1386.65,No
CUST00649,Female,0,0,Yes,Fiber optic,109.49,,Yes
CUST00650,Female,1,19,No,DSL,51.8,975.36,No
CUST00651,Female,0,56,No,Fiber optic,94.13,5611.08,No
CUST00652,Male,0,10,No,Fiber optic,85.32,,No
CUST00653,Female,0,8,No,No,100.55,810.3,No
CUST00654,Female,1,50,No,No,89.96,4869.69,No
CUST00655,Male,0,55,No,DSL,36.48,2192.94,No
CUST00656,Male,0,67,Yes,DSL,31.85,2380.64,No
CUST00657,Female,0,27,No,Fiber optic,35.55,1020.88,No
CUST00658,Male,0,8,Yes,No,60.38,489.95,No
CUST00659,Male,0,52,Yes,DSL,74.58,3725.68,No
CUST00660,Female,0,63,No,Fiber optic,59.22,3601.75,No
CUST00661,Female,0,9,Yes,DSL,72.4,,No
CUST00662,Female,0,3,No,Fiber optic,61.12,173.72,No
CUST00663,Male,0,8,No,DSL,105.4,873.5,Yes
CUST00664,Female,0,51,No,Fiber optic,73.89,3602.26,No
CUST00665,Male,0,9,Yes,DSL,69.72,571.33,No
CUST00666,Female,0,67,No,No,66.97,4677.21,No
CUST00667,Male,1,12,Yes,Fiber optic,27.07,,No
CUST00668,Male,0,8,Yes,Fiber optic,107.63,860.77,Yes
CUST00669,Male,0,48,No,No,78.92,4126.84,No
CUST00670,Female,0,0,No,No,95.29,,No
CUST00671,Male,0,4,No,No,71.73,250.89,Yes
CUST00672,Female,0,59,No,Fiber optic,41.89,2003.18,Yes
CUST00673,Female,1,14,No,No,73.09,1041.6,No
CUST00674,Female,1,21,No,DSL,95.79,2005.8,No
CUST00675,Male,1,23,Yes,Fiber optic,21.33,548.49,Yes
CUST00676,Male,0,57,Yes,DSL,42.5,2884.33,No
CUST00677,Female,1,28,No,Fiber optic,73.88,1844.09,Yes
CUST00678,Female,0,0,Yes,No,103.28,,No
CUST00679,Female,0,69,Yes,DSL,90.32,6727.19,No
CUST00680,Male,0,27,No,Fiber optic,56.32,1513.68,No
CUST00681,Female,0,7,No,No,61.05,415.8,No
CUST00682,Female,0,69,Yes,DSL,67.32,4657.72,No
CUST00683,Female,0,6,No,DSL,66.09,425.67,No
CUST00684,Female,0,17,Yes,DSL,41.92,809.29,No
CUST00685,Female,0,2,Yes,Fiber optic,68.28,132.8,No
CUST00686,Female,0,51,Yes,Fiber optic,41.88,2132.32,No
CUST00687,Female,1,31,Yes,DSL,96.38,2869.0,No
CUST00688,Female,0,39,No,No,22.53,939.8,No
CUST00689,Male,0,3,Yes,Fiber optic,72.71,209.99,Yes
CUST00690,Female,0,1,No,No,99.99,96.13,Yes
CUST00691,Female,0,58,No,DSL,28.5,1146.64,No
CUST00692,Male,0,4,Yes,DSL,74.62,268.34,Yes
CUST00693,Female,1,7,No,No,103.42,742.29,Yes
CUST00694,Female,0,11,Yes,Fiber optic,60.97,681.81,Yes
CUST00695,Female,1,10,Yes,Fiber optic,95.0,898.4,No
CUST00696,Male,0,38,No,DSL,77.92,2775.87,No
CUST00697,Male,1,59,Yes,Fiber optic,79.68,4665.37,Yes
CUST00698,Female,0,59,No,DSL,38.91,1884.9,No
CUST00699,Female,0,7,Yes,Fiber optic,87.22,544.62,No
CUST00700,Male,0,1,Yes,Fiber optic,77.39,77.7,Yes
CUST00701,Female,0,55,Yes,DSL,25.09,1610.09,No
CUST00702,Male,0,5,No,DSL,103.06,560.64,No
CUST00703,Female,0,10,Yes,No,94.76,870.98,No
CUST00704,Male,1,8,Yes,Fiber optic,78.35,559.14,No
CUST00705,Female,0,51,No,DSL,24.86,1729.46,No
CUST00706,Female,0,38,No,DSL,85.32,3306.58,No
CUST00707,Female,0,66,No,Fiber optic,89.22,6483.39,No
CUST00708,Female,0,15,No,DSL,60.23,927.42,No
CUST00709,Female,0,9,No,DSL,91.73,810.05,Yes
CUST00710,Male,0,18,No,DSL,40.12,555.94,No
CUST00711,Female,0,12,No,DSL,65.09,879.91,No
CUST00712,Male,0,9,No,DSL,80.39,703.56,Yes
CUST00713,Female,0,2,No,Fiber optic,109.71,,No
CUST00714,Male,1,4,No,DSL,96.21,364.76,Yes
CUST00715,Male,0,3,No,DSL,97.91,277.99,No
CUST00716,Female,0,55,No,No,54.19,2573.46,No
CUST00717,Female,0,35,No,No,96.16,3120.2,No
CUST00718,Female,0,4,Yes,DSL,94.49,,Yes
CUST00719,Female,0,4,No,Fiber optic,100.05,373.89,Yes
CUST00720,Female,0,16,No,Fiber optic,72.3,1086.86,Yes
CUST00721,Female,0,2,Yes,Fiber optic,65.1,130.53,Yes
CUST00722,Male,0,50,No,DSL,50.38,2309.02,No
CUST00723,Female,0,52,Yes,DSL,23.4,1006.05,No
CUST00724,Female,0,26,No,Fiber optic,41.05,1254.59,No
CUST00725,Female,0,63,No,Fiber optic,76.63,5170.44,No
CUST00726,Male,0,36,No,DSL,43.59,1452.25,No
CUST00727,Male,0,22,Yes,DSL,82.35,1712.12,No
CUST00728,Male,0,33,No,DSL,90.41,2799.77,No
CUST00729,Male,0,7,Yes,No,78.92,573.14,Yes
CUST00730,Female,0,52,No,Fiber optic,74.92,3599.75,No
CUST00731,Female,0,20,No,DSL,37.22,741.37,No
CUST00732,Female,0,54,No,Fiber optic,64.93,3847.86,No
CUST00733,Female,0,5,No,DSL,68.22,373.79,No
CUST00734,Male,0,0,No,No,86.18,,Yes
CUST00735,Female,0,11,No,Fiber optic,71.13,846.93,No
CUST00736,Male,0,41,No,Fiber optic,23.88,714.59,Yes
CUST00737,Male,0,35,No,Fiber optic,97.42,3439.22,Yes
CUST00738,Male,1,10,No,No,85.97,783.29,Yes
CUST00739,Female,0,51,Yes,DSL,80.42,4498.32,No
CUST00740,Female,0,12,No,DSL,31.0,347.33,No
CUST00741,Female,1,6,No,No,63.43,328.02,No
CUST00742,Male,0,0,Yes,No,91.26,,Yes
CUST00743,Female,0,41,Yes,No,71.61,3006.95,No
CUST00744,Female,0,8,No,DSL,69.84,519.85,No
CUST00745,Female,0,10,Yes,Fiber optic,61.79,619.09,No
CUST00746,Male,0,50,No,DSL,67.4,3397.92,No
CUST00747,Female,0,56,Yes,DSL,92.03,5300.48,No
CUST00748,Female,0,38,Yes,Fiber optic,95.59,3913.51,Yes
CUST00749,Male,0,43,Yes,Fiber optic,49.68,2565.4,No
CUST00750,Male,0,25,No,Fiber optic,34.05,1092.87,Yes
CUST00751,Female,0,69,Yes,Fiber optic,99.16,7299.48,Yes
CUST00752,Female,0,44,No,Fiber optic,69.44,3199.81,Yes
CUST00753,Male,0,11,No,DSL,69.78,684.83,No
CUST00754,Male,0,40,No,No,65.15,2898.16,No
CUST00755,Female,0,6,No,Fiber optic,85.68,473.49,No
CUST00756,Female,1,30,No,DSL,23.26,598.8,Yes
CUST00757,Male,0,5,No,Fiber optic,70.19,338.95,No
CUST00758,Male,1,2,No,No,72.54,148.77,No
CUST00759,Female,0,63,Yes,DSL,63.44,3613.06,No
CUST00760,Male,0,6,No,DSL,65.03,423.32,No
CUST00761,Male,0,8,Yes,DSL,72.52,550.99,No
CUST00762,Male,0,50,No,DSL,64.21,2819.7,No
CUST00763,Female,0,7,Yes,No,79.86,520.43,Yes
CUST00764,Male,0,4,No,DSL,67.15,235.67,No
CUST00765,Male,0,9,Yes,DSL,76.02,721.11,No
CUST00766,Female,0,44,Yes,Fiber optic,83.9,3483.05,Yes
CUST00767,Female,0,4,No,No,74.12,300.29,No
CUST00768,Male,0,30,Yes,No,38.56,1103.56,No
CUST00769,Female,0,9,No,No,66.67,546.2,No
CUST00770,Female,0,49,Yes,DSL,52.42,3043.92,No
CUST00771,Male,0,44,No,DSL,82.0,3777.45,No
CUST00772,Female,1,41,Yes,Fiber optic,34.56,1478.55,No
CUST00773,Female,0,9,No,DSL,68.82,706.13,No
CUST00774,Female,0,29,Yes,DSL,78.73,2310.67,No
CUST00775,Female,1,8,Yes,Fiber optic,61.14,,No
CUST00776,Female,0,39,Yes,Fiber optic,42.1,1301.26,Yes
CUST00777,Female,0,36,No,DSL,87.51,2814.4,No
CUST00778,Male,1,2,Yes,Fiber optic,95.23,179.23,Yes
CUST00779,Male,0,3,Yes,Fiber optic,83.76,242.89,Yes
CUST00780,Female,0,9,Yes,DSL,64.59,637.71,No
CUST00781,Female,0,4,No,Fiber optic,83.8,296.33,Yes
CUST00782,Male,0,26,Yes,Fiber optic,72.66,1946.69,No
CUST00783,Male,0,66,Yes,DSL,77.54,4493.69,No
CUST00784,Male,0,9,Yes,DSL,103.51,998.57,Yes
CUST00785,Female,0,12,Yes,DSL,48.45,533.98,No
CUST00786,Male,0,10,No,DSL,91.97,937.34,No
CUST00787,Male,1,55,No,DSL,46.09,2920.54,Yes
CUST00788,Female,1,70,No,Fiber optic,48.26,2823.13,Yes
CUST00789,Female,0,32,Yes,No,31.26,,No
CUST00790,Female,0,44,No,Fiber optic,92.25,4004.65,Yes
CUST00791,Male,0,23,Yes,DSL,97.75,2232.75,No
CUST00792,Male,0,10,No,No,84.13,811.0,Yes
CUST00793,Female,0,32,Yes,DSL,44.95,1305.69,No
CUST00794,Male,0,54,Yes,Fiber optic,56.15,2706.13,No
CUST00795,Female,1,68,Yes,Fiber optic,96.67,6925.07,Yes
CUST00796,Male,0,56,No,DSL,55.54,2650.01,No
CUST00797,Male,0,64,No,No,50.91,3176.67,No
CUST00798,Male,1,3,No,Fiber optic,101.52,280.94,Yes
CUST00799,Female,0,24,No,DSL,59.78,1511.7,No
CUST00800,Male,0,18,No,DSL,32.52,456.21,No
CUST00801,Male,0,42,Yes,DSL,73.66,3248.62,No
CUST00802,Male,1,68,Yes,Fiber optic,51.01,3379.98,No
CUST00803,Male,0,18,Yes,DSL,43.2,620.14,No
CUST00804,Male,0,3,Yes,Fiber optic,95.97,258.1,No
CUST00805,Female,0,56,Yes,No,83.53,4603.56,No
CUST00806,Male,0,47,Yes,No,93.55,4856.0,No
CUST00807,Male,1,24,No,DSL,70.12,1821.87,No
CUST00808,Male,1,4,Yes,DSL,93.85,387.14,No
CUST00809,Female,0,1,No,Fiber optic,109.17,114.17,No
CUST00810,Female,0,1,Yes,DSL,60.05,59.99,No
CUST00811,Male,0,3,No,Fiber optic,67.06,176.24,No
CUST00812,Female,0,45,No,DSL,61.66,3163.04,No
CUST00813,Female,1,64,Yes,Fiber optic,42.22,2766.31,Yes
CUST00814,Female,0,43,Yes,Fiber optic,56.95,2409.27,No
CUST00815,Female,0,26,No,DSL,73.3,1706.07,No
CUST00816,Male,0,49,No,No,91.03,4156.11,No
CUST00817,Male,0,9,Yes,DSL,86.56,799.82,Yes
CUST00818,Female,1,1,No,Fiber optic,87.14,79.05,No
CUST00819,Female,1,11,No,Fiber optic,105.62,1060.65,Yes
CUST00820,Female,0,27,No,DSL,58.31,1496.15,No
CUST00821,Male,0,12,No,No,92.15,1014.25,No
CUST00822,Male,1,5,Yes,Fiber optic,93.43,511.43,No
CUST00823,Female,0,22,No,DSL,48.98,1055.06,No
CUST00824,Male,0,6,No,Fiber optic,60.25,398.28,Yes
CUST00825,Male,0,10,No,Fiber optic,62.35,675.0,No
CUST00826,Female,0,50,No,DSL,76.4,3908.53,No
CUST00827,Male,1,10,No,No,79.85,699.86,No
CUST00828,Female,0,59,No,No,60.94,3854.52,No
CUST00829,Female,0,3,Yes,DSL,65.38,202.08,No
CUST00830,Male,0,8,No,DSL,91.11,667.27,No
CUST00831,Male,0,64,No,No,81.29,5826.2,No
CUST00832,Female,1,22,No,Fiber optic,55.59,1261.58,Yes
CUST00833,Female,0,3,Yes,DSL,91.58,279.52,Yes
CUST00834,Female,0,1,Yes,DSL,79.12,74.28,No
CUST00835,Male,1,2,No,DSL,86.16,165.49,Yes
CUST00836,Male,0,19,No,Fiber optic,77.12,1517.97,No
CUST00837,Male,0,33,Yes,No,94.73,3137.96,No
CUST00838,Female,0,53,Yes,DSL,54.3,,No
CUST00839,Female,0,7,Yes,No,67.79,508.72,No
CUST00840,Female,0,71,Yes,Fiber optic,74.9,,No
CUST00841,Male,0,11,Yes,Fiber optic,89.36,885.61,Yes
CUST00842,Male,0,5,No,Fiber optic,62.44,344.66,No
CUST00843,Female,0,64,No,Fiber optic,66.07,3848.02,No
CUST00844,Female,0,7,Yes,Fiber optic,88.25,659.7,Yes
CUST00845,Female,0,4,Yes,No,109.33,424.38,No
CUST00846,Male,0,61,No,DSL,86.22,5014.77,No
CUST00847,Male,0,19,No,Fiber optic,22.97,456.12,No
CUST00848,Male,1,44,Yes,Fiber optic,54.88,,No
CUST00849,Female,0,9,Yes,Fiber optic,66.23,637.26,No
CUST00850,Male,1,64,Yes,No,77.45,4331.05,No
CUST00851,Female,0,9,Yes,DSL,78.69,657.13,Yes
CUST00852,Male,1,31,Yes,Fiber optic,76.29,2545.2,No
CUST00853,Male,1,3,No,Fiber optic,66.74,186.02,No
CUST00854,Male,0,29,Yes,Fiber optic,63.45,2079.74,No
CUST00855,Female,0,8,No,Fiber optic,76.94,557.29,Yes
CUST00856,Male,0,31,No,DSL,89.56,2997.52,No
CUST00857,Male,0,40,No,No,88.58,3560.63,No
CUST00858,Female,0,68,Yes,DSL,34.37,2038.51,No
CUST00859,Female,0,7,Yes,No,87.98,546.88,Yes
CUST00860,Male,0,35,Yes,Fiber optic,94.15,2958.53,No
CUST00861,Female,0,9,Yes,Fiber optic,71.93,724.07,Yes
CUST00862,Female,0,15,No,Fiber optic,34.7,371.12,Yes
CUST00863,Female,0,10,Yes,Fiber optic,107.4,1142.55,No
CUST00864,Female,0,3,Yes,Fiber optic,104.15,293.01,Yes
CUST00865,Male,0,9,No,Fiber optic,107.76,1051.4,Yes
CUST00866,Female,0,1,Yes,Fiber optic,88.93,79.91,No
CUST00867,Female,0,17,Yes,Fiber optic,92.95,1597.08,No
CUST00868,Male,0,53,Yes,No,33.42,2260.3,No
CUST00869,Male,0,0,No,Fiber optic,103.26,,Yes
CUST00870,Male,0,57,Yes,No,23.73,,No
CUST00871,Male,1,4,No,Fiber optic,93.63,401.38,Yes
CUST00872,Female,0,52,No,Fiber optic,44.56,2495.55,No
CUST00873,Female,0,4,No,DSL,79.08,291.66,No
CUST00874,Male,1,31,Yes,DSL,51.73,1860.35,No
CUST00875,Male,1,43,Yes,DSL,80.43,3554.49,Yes
CUST00876,Male,1,19,No,DSL,82.8,1493.04,Yes
CUST00877,Female,1,14,Yes,DSL,81.24,1158.67,No
CUST00878,Male,0,10,No,Fiber optic,108.36,1047.91,No
CUST00879,Male,0,11,No,No,83.28,921.09,Yes
CUST00880,Male,0,44,Yes,DSL,29.28,1058.25,No
CUST00881,Male,0,37,No,Fiber optic,43.24,,No
CUST00882,Male,1,47,No,Fiber optic,53.25,2429.39,No
CUST00883,Male,1,39,No,DSL,59.35,2249.63,No
CUST00884,Male,1,43,Yes,DSL,79.6,3305.34,No
CUST00885,Male,0,68,No,No,20.43,1062.92,No
CUST00886,Female,0,67,Yes,Fiber optic,87.63,6444.44,No
CUST00887,Male,0,12,Yes,DSL,20.06,322.36,No
CUST00888,Male,0,22,Yes,Fiber optic,50.05,1087.45,No
CUST00889,Female,0,68,No,DSL,67.9,4837.41,No
CUST00890,Female,0,45,No,DSL,98.11,4292.84,No
CUST00891,Male,1,4,No,Fiber optic,108.65,421.67,Yes
CUST00892,Male,0,1,No,Fiber optic,106.79,102.83,No
CUST00893,Male,0,17,No,DSL,27.25,396.73,No
CUST00894,Male,0,6,No,Fiber optic,107.47,,Yes
CUST00895,Male,1,25,No,DSL,60.09,1256.13,Yes
CUST00896,Female,0,3,No,Fiber optic,95.1,303.84,No
CUST00897,Female,0,34,Yes,Fiber optic,52.51,1934.88,No
CUST00898,Male,1,0,No,Fiber optic,97.35,,No
CUST00899,Female,0,37,Yes,DSL,81.32,3209.55,No
CUST00900,Female,0,35,No,Fiber optic,27.09,1037.72,No
CUST00901,Female,0,30,Yes,DSL,90.53,2642.71,No
CUST00902,Female,0,8,No,DSL,79.68,685.59,Yes
CUST00903,Female,0,43,No,DSL,82.15,3444.26,No
CUST00904,Female,1,25,No,DSL,60.87,1535.86,No
CUST00905,Female,0,58,Yes,DSL,69.26,3862.1,No
CUST00906,Male,0,24,Yes,DSL,21.61,361.28,No
CUST00907,Female,0,65,Yes,Fiber optic,20.38,903.77,No
CUST00908,Male,0,44,No,DSL,29.57,1633.85,No
CUST00909,Female,0,2,Yes,Fiber optic,72.23,130.53,Yes
CUST00910,Male,0,24,Yes,DSL,74.77,1609.68,No
CUST00911,Female,0,12,No,No,70.6,893.57,No
CUST00912,Male,0,0,Yes,DSL,71.42,,No
CUST00913,Female,0,54,No,Fiber optic,56.89,2865.2,No
CUST00914,Male,0,19,Yes,DSL,46.1,714.64,No
CUST00915,Female,1,50,No,Fiber optic,94.99,4641.03,Yes
CUST00916,Female,0,64,Yes,DSL,43.53,2253.64,No
CUST00917,Male,0,62,No,Fiber optic,51.67,3194.67,Yes
CUST00918,Female,0,0,No,No,83.05,,Yes
CUST00919,Male,0,12,Yes,No,92.31,1003.96,No
CUST00920,Female,0,64,Yes,DSL,38.29,2414.16,No
CUST00921,Female,0,29,No,Fiber optic,91.08,2477.12,Yes
CUST00922,Male,1,2,No,DSL,85.84,167.2,Yes
CUST00923,Male,0,5,Yes,DSL,73.4,324.17,Yes
CUST00924,Male,0,12,No,Fiber optic,74.65,930.82,No
CUST00925,Female,1,5,Yes,DSL,64.31,359.33,No
CUST00926,Female,0,56,Yes,DSL,59.97,3549.07,No
CUST00927,Female,0,5,No,DSL,62.69,313.26,No
CUST00928,Female,1,7,No,Fiber optic,94.74,646.58,No
CUST00929,Female,0,24,Yes,Fiber optic,95.52,2235.97,No
CUST00930,Female,0,5,Yes,Fiber optic,106.1,569.94,No
CUST00931,Female,0,41,No,DSL,35.73,1789.02,No
CUST00932,Female,0,64,No,DSL,90.71,5203.1,No
CUST00933,Male,1,41,No,Fiber optic,46.79,1541.32,Yes
CUST00934,Male,0,12,No,DSL,92.91,1101.38,No
CUST00935,Male,0,64,Yes,No,37.69,2776.46,No
CUST00936,Male,0,21,Yes,DSL,46.22,1023.53,No
CUST00937,Male,0,65,No,No,44.52,2404.17,No
CUST00938,Female,0,7,No,DSL,90.5,653.66,No
CUST00939,Female,0,24,Yes,Fiber optic,48.6,1111.68,Yes
CUST00940,Male,0,29,Yes,DSL,38.15,938.56,No
CUST00941,Male,0,11,No,Fiber optic,91.5,924.51,No
CUST00942,Male,0,71,Yes,DSL,23.38,1142.15,No
CUST00943,Male,0,34,No,DSL,55.0,1809.89,No
CUST00944,Female,0,71,Yes,DSL,81.76,6306.7,No
CUST00945,Female,0,10,No,DSL,61.9,591.06,No
CUST00946,Male,0,25,Yes,Fiber optic,70.39,1749.38,No
CUST00947,Female,0,9,No,DSL,79.38,797.02,No
CUST00948,Male,0,17,No,No,22.48,320.89,No
CUST00949,Male,0,2,Yes,No,109.61,239.14,Yes
CUST00950,Female,0,27,Yes,Fiber optic,20.84,,No
CUST00951,Male,0,6,Yes,DSL,97.49,638.72,No
CUST00952,Female,0,53,No,Fiber optic,51.53,2362.93,Yes
CUST00953,Female,1,50,No,DSL,77.03,3524.27,No
CUST00954,Male,0,17,No,No,31.73,647.51,No
CUST00955,Male,1,42,No,DSL,93.34,3741.62,No
CUST00956,Male,0,6,Yes,DSL,107.31,584.7,No
CUST00957,Male,0,4,Yes,DSL,106.8,433.8,Yes
CUST00958,Male,1,25,Yes,Fiber optic,94.59,2459.46,No
CUST00959,Female,0,17,Yes,DSL,23.07,559.93,No
CUST00960,Male,1,32,No,Fiber optic,53.86,1809.63,No
CUST00961,Male,1,69,Yes,Fiber optic,39.05,2045.11,Yes
CUST00962,Male,0,11,No,DSL,61.52,728.43,No
CUST00963,Female,0,59,No,Fiber optic,32.99,2322.88,No
CUST00964,Female,0,12,No,DSL,92.28,988.88,No
CUST00965,Female,0,7,Yes,No,71.57,461.11,No
CUST00966,Female,0,12,No,DSL,71.67,976.28,No
CUST00967,Male,1,0,No,DSL,94.44,,No
CUST00968,Male,0,32,Yes,Fiber optic,54.93,1927.99,No
CUST00969,Female,0,12,No,DSL,61.79,,No
CUST00970,Female,0,27,No,Fiber optic,23.01,866.96,No
CUST00971,Female,0,6,Yes,DSL,85.95,485.79,No
CUST00972,Male,0,6,No,DSL,85.18,462.24,No
CUST00973,Male,1,38,Yes,Fiber optic,99.82,3583.56,No
CUST00974,Male,1,11,No,DSL,77.09,766.77,Yes
CUST00975,Male,0,48,No,DSL,20.32,606.45,No
CUST00976,Female,0,22,Yes,DSL,32.33,800.69,No
CUST00977,Male,1,18,No,DSL,90.06,,No
CUST00978,Male,1,51,Yes,Fiber optic,30.55,1946.95,No
CUST00979,Female,1,21,Yes,Fiber optic,70.49,1400.96,No
CUST00980,Male,0,38,Yes,DSL,84.38,2932.26,No
CUST00981,Male,0,62,Yes,DSL,99.81,6086.59,No
CUST00982,Male,0,38,No,DSL,86.12,3515.97,No
CUST00983,Female,0,10,No,No,99.37,1082.59,Yes
CUST00984,Male,1,11,Yes,Fiber optic,105.45,1242.05,Yes
CUST00985,Female,0,6,Yes,No,66.11,366.32,No
CUST00986,Female,0,23,Yes,Fiber optic,21.22,627.73,Yes
CUST00987,Female,0,2,No,Fiber optic,79.3,170.8,Yes
CUST00988,Male,1,14,Yes,Fiber optic,76.22,1102.75,No
CUST00989,Male,0,60,No,Fiber optic,33.97,2091.33,No
CUST00990,Female,0,22,No,No,35.13,766.7,No
CUST00991,Male,0,2,Yes,No,82.67,175.9,No
CUST00992,Male,0,7,Yes,No,85.7,663.69,Yes
CUST00993,Female,0,13,Yes,DSL,75.08,,No
CUST00994,Female,0,34,Yes,Fiber optic,69.46,,No
CUST00995,Male,0,12,No,No,51.15,645.73,No
CUST00996,Male,0,46,No,DSL,88.06,4304.93,No
CUST00997,Female,0,51,Yes,Fiber optic,43.72,1911.41,Yes
CUST00998,Female,1,12,Yes,DSL,66.72,734.26,No
CUST00999,Male,0,41,Yes,DSL,96.81,4224.82,No
CUST01000,Male,0,0,Yes,No,102.13,,Yes
